{
  "project_info": {
    "project_number": "424514963295",
    "firebase_url": "https://reshipeapp.firebaseio.com",
    "project_id": "reshipeapp",
    "storage_bucket": "reshipeapp.appspot.com"
  },
  "client": [
    {
      "client_info": {
        "mobilesdk_app_id": "1:424514963295:android:f8f81ce87e677435",
        "android_client_info": {
          "package_name": "com.example.auricelia.reshipi"
        }
      },
      "oauth_client": [
        {
          "client_id": "424514963295-uontm4b1tgdbsvrlpdita1eo5p6sjj0f.apps.googleusercontent.com",
          "client_type": 3
        }
      ],
      "api_key": [
        {
          "current_key": "AIzaSyCNuyWMSHWQmmu1IuLmQx_WggsL-DmRPOM"
        }
      ],
      "services": {
        "analytics_service": {
          "status": 1
        },
        "appinvite_service": {
          "status": 1,
          "other_platform_oauth_client": []
        },
        "ads_service": {
          "status": 2
        }
      }
    }
  ],
  "configuration_version": "1"
}